[
  {
    "id": "571d1f8d-9188-4eb8-97a4-af6e19f5d52c",
    "data": [
      {
        "text": "おわる",
        "userDefined": false
      }
    ],
    "isTemplate": false,
    "count": 0,
    "updated": 1522743578
  },
  {
    "id": "16601a38-05de-40a9-a83f-801c2b84ee96",
    "data": [
      {
        "text": "続けない",
        "userDefined": false
      }
    ],
    "isTemplate": false,
    "count": 0,
    "updated": 1522743578
  },
  {
    "id": "530f424e-fa46-4db8-b09d-5a55bdf3142d",
    "data": [
      {
        "text": "いいえ",
        "userDefined": false
      }
    ],
    "isTemplate": false,
    "count": 0,
    "updated": 1522743578
  },
  {
    "id": "7f7627a0-b052-4ef0-b8ef-531080b22636",
    "data": [
      {
        "text": "ばいばい",
        "userDefined": false
      }
    ],
    "isTemplate": false,
    "count": 0,
    "updated": 1522743578
  },
  {
    "id": "d4b68b5e-391f-4e62-b9f0-12981d830170",
    "data": [
      {
        "text": "やめる",
        "userDefined": false
      }
    ],
    "isTemplate": false,
    "count": 0,
    "updated": 1522743578
  },
  {
    "id": "0a129ab6-1844-45c2-a405-f5e712b36a6e",
    "data": [
      {
        "text": "止める",
        "userDefined": false
      }
    ],
    "isTemplate": false,
    "count": 0,
    "updated": 1522743578
  },
  {
    "id": "4853f61f-66f2-499e-9304-519fc0b75a34",
    "data": [
      {
        "text": "終了",
        "userDefined": false
      }
    ],
    "isTemplate": false,
    "count": 0,
    "updated": 1522743578
  },
  {
    "id": "44430a47-1948-4088-b21b-514f1cde9b00",
    "data": [
      {
        "text": "終わる",
        "userDefined": false
      }
    ],
    "isTemplate": false,
    "count": 0,
    "updated": 1522743578
  },
  {
    "id": "2f42ca06-cc91-4804-808e-536b6a0691e1",
    "data": [
      {
        "text": "バイバイ",
        "userDefined": false
      }
    ],
    "isTemplate": false,
    "count": 0,
    "updated": 1522743578
  }
]