[
  {
    "id": "614e7bcc-9317-4b24-8e9a-78e99f4ceb53",
    "data": [
      {
        "text": "パー",
        "alias": "handType",
        "meta": "@handType",
        "userDefined": true
      }
    ],
    "isTemplate": false,
    "count": 0,
    "updated": 1521736255
  },
  {
    "id": "9175cdd5-2262-4512-ac29-48227410fa8a",
    "data": [
      {
        "text": "じゃんけん",
        "userDefined": false
      },
      {
        "text": "パー",
        "alias": "handType",
        "meta": "@handType",
        "userDefined": true
      }
    ],
    "isTemplate": false,
    "count": 0,
    "updated": 1521736255
  }
]