[
  {
    "id": "1faeba29-3778-49b7-ba26-5a043d70f0da",
    "data": [
      {
        "text": "続ける",
        "userDefined": false
      }
    ],
    "isTemplate": false,
    "count": 0,
    "updated": 1524833481
  },
  {
    "id": "baeb3d91-4ad9-46eb-853c-1f2325c0b443",
    "data": [
      {
        "text": "つづける",
        "userDefined": false
      }
    ],
    "isTemplate": false,
    "count": 0,
    "updated": 1524833481
  },
  {
    "id": "f489bb20-8fe5-426e-9a60-37b249221442",
    "data": [
      {
        "text": "わかった",
        "userDefined": false
      }
    ],
    "isTemplate": false,
    "count": 0,
    "updated": 1524833481
  },
  {
    "id": "46ff1ab6-7f86-4e93-b302-b024aee43024",
    "data": [
      {
        "text": "はい",
        "userDefined": false
      }
    ],
    "isTemplate": false,
    "count": 0,
    "updated": 1524833481
  },
  {
    "id": "20eb4ae1-8324-433a-b111-08622c98c32d",
    "data": [
      {
        "text": "うん",
        "userDefined": false
      }
    ],
    "isTemplate": false,
    "count": 0,
    "updated": 1524833481
  },
  {
    "id": "0f0cac93-cda9-41d9-9cf8-02f390579d0b",
    "data": [
      {
        "text": "じゃんけん",
        "userDefined": false
      }
    ],
    "isTemplate": false,
    "count": 0,
    "updated": 1524833481
  },
  {
    "id": "9289b501-e419-4af3-a4d0-6b85596b1859",
    "data": [
      {
        "text": "始める",
        "userDefined": false
      }
    ],
    "isTemplate": false,
    "count": 0,
    "updated": 1524833481
  },
  {
    "id": "19b3644f-4081-433f-be6b-4b1c1eea20a6",
    "data": [
      {
        "text": "はじめる",
        "userDefined": false
      }
    ],
    "isTemplate": false,
    "count": 0,
    "updated": 1521722651
  }
]