[
  {
    "id": "bfa9c606-85cc-4283-881d-1079d2d9b304",
    "data": [
      {
        "text": "止める",
        "userDefined": false
      }
    ],
    "isTemplate": false,
    "count": 0,
    "updated": 1524999183
  },
  {
    "id": "659a512c-3708-4311-b56e-0de19460e7e2",
    "data": [
      {
        "text": "やめる",
        "userDefined": false
      }
    ],
    "isTemplate": false,
    "count": 0,
    "updated": 1524999183
  },
  {
    "id": "fbea7609-2dc0-41e5-af0b-673bafdda851",
    "data": [
      {
        "text": "バイバイ",
        "userDefined": false
      }
    ],
    "isTemplate": false,
    "count": 0,
    "updated": 1524999183
  },
  {
    "id": "43c132be-1e23-4a0c-be8f-5af3f51f74bd",
    "data": [
      {
        "text": "終了する",
        "userDefined": false
      }
    ],
    "isTemplate": false,
    "count": 0,
    "updated": 1524999183
  },
  {
    "id": "79c33ff4-06ce-4a67-b072-2ac74bb1a136",
    "data": [
      {
        "text": "終わる",
        "userDefined": false
      }
    ],
    "isTemplate": false,
    "count": 0,
    "updated": 1524999183
  }
]