[
  {
    "id": "17a8082d-b610-4485-90ed-f9124fe78082",
    "data": [
      {
        "text": "止める",
        "userDefined": false
      }
    ],
    "isTemplate": false,
    "count": 0,
    "updated": 1524999183
  },
  {
    "id": "4f94e919-b31f-49d8-b27a-2b6e2d41c52e",
    "data": [
      {
        "text": "やめる",
        "userDefined": false
      }
    ],
    "isTemplate": false,
    "count": 0,
    "updated": 1524999183
  },
  {
    "id": "ab934f8c-492f-4e46-abf2-7768e367b0e8",
    "data": [
      {
        "text": "バイバイ",
        "userDefined": false
      }
    ],
    "isTemplate": false,
    "count": 0,
    "updated": 1524999183
  },
  {
    "id": "5facfeed-945f-4c29-8fdb-b1c28418b659",
    "data": [
      {
        "text": "終了する",
        "userDefined": false
      }
    ],
    "isTemplate": false,
    "count": 0,
    "updated": 1524999183
  },
  {
    "id": "0b0aada1-4574-4ea0-b215-76bd7e58fdf3",
    "data": [
      {
        "text": "終わる",
        "userDefined": false
      }
    ],
    "isTemplate": false,
    "count": 0,
    "updated": 1524999183
  }
]