[
  {
    "id": "3c904db5-3113-42f5-9fb5-e7e3f13fa136",
    "data": [
      {
        "text": "おわる",
        "userDefined": false
      }
    ],
    "isTemplate": false,
    "count": 0,
    "updated": 1522743578
  },
  {
    "id": "e75dde1c-1732-4fb0-a614-dfb9924a3d40",
    "data": [
      {
        "text": "続けない",
        "userDefined": false
      }
    ],
    "isTemplate": false,
    "count": 0,
    "updated": 1522743578
  },
  {
    "id": "1bd6a1bb-10ef-4e6a-98a5-0a411b1cabf8",
    "data": [
      {
        "text": "いいえ",
        "userDefined": false
      }
    ],
    "isTemplate": false,
    "count": 0,
    "updated": 1522743578
  },
  {
    "id": "c01bc3a7-eb55-4b29-944e-cd3e09d11eed",
    "data": [
      {
        "text": "ばいばい",
        "userDefined": false
      }
    ],
    "isTemplate": false,
    "count": 0,
    "updated": 1522743578
  },
  {
    "id": "b137401f-ccda-4f57-941d-6269a1b2240a",
    "data": [
      {
        "text": "やめる",
        "userDefined": false
      }
    ],
    "isTemplate": false,
    "count": 0,
    "updated": 1522743578
  },
  {
    "id": "a03df446-7d80-411a-b8af-d122ed4782bf",
    "data": [
      {
        "text": "止める",
        "userDefined": false
      }
    ],
    "isTemplate": false,
    "count": 0,
    "updated": 1522743578
  },
  {
    "id": "30fc4193-92ec-4840-a892-d516831d2f0a",
    "data": [
      {
        "text": "終了",
        "userDefined": false
      }
    ],
    "isTemplate": false,
    "count": 0,
    "updated": 1522743578
  },
  {
    "id": "12dab4df-2467-4938-974c-ddf2c1f7f234",
    "data": [
      {
        "text": "終わる",
        "userDefined": false
      }
    ],
    "isTemplate": false,
    "count": 0,
    "updated": 1522743578
  },
  {
    "id": "cec9ee9a-0707-4957-8956-8f2b9b7f5aed",
    "data": [
      {
        "text": "バイバイ",
        "userDefined": false
      }
    ],
    "isTemplate": false,
    "count": 0,
    "updated": 1522743578
  }
]