[
  {
    "id": "8cccb00d-3424-4160-9410-caf392cdff23",
    "data": [
      {
        "text": "パー",
        "alias": "handType",
        "meta": "@handType",
        "userDefined": true
      }
    ],
    "isTemplate": false,
    "count": 0,
    "updated": 1521736255
  },
  {
    "id": "123475bb-4f55-4475-9063-96c015c8a1fe",
    "data": [
      {
        "text": "じゃんけん",
        "userDefined": false
      },
      {
        "text": "パー",
        "alias": "handType",
        "meta": "@handType",
        "userDefined": true
      }
    ],
    "isTemplate": false,
    "count": 0,
    "updated": 1521736255
  }
]