[
  {
    "id": "1a171d9c-e217-408f-8541-bdc84681fdf7",
    "data": [
      {
        "text": "わかった",
        "userDefined": false
      }
    ],
    "isTemplate": false,
    "count": 0,
    "updated": 1521722651
  },
  {
    "id": "ae14c64d-fb03-4059-82de-8715ad777a9a",
    "data": [
      {
        "text": "はい",
        "userDefined": false
      }
    ],
    "isTemplate": false,
    "count": 0,
    "updated": 1521722651
  },
  {
    "id": "48130e7e-edb1-477a-ac34-46f836c85646",
    "data": [
      {
        "text": "うん",
        "userDefined": false
      }
    ],
    "isTemplate": false,
    "count": 0,
    "updated": 1521722651
  },
  {
    "id": "43dc3e7b-6c2d-422b-8e0c-18ce262a6513",
    "data": [
      {
        "text": "じゃんけん",
        "userDefined": false
      }
    ],
    "isTemplate": false,
    "count": 0,
    "updated": 1521722651
  },
  {
    "id": "f9c7642f-8826-4cee-a015-9439cbdaa516",
    "data": [
      {
        "text": "始める",
        "userDefined": false
      }
    ],
    "isTemplate": false,
    "count": 0,
    "updated": 1521722651
  },
  {
    "id": "cbcf2326-5b23-44f6-ab08-67b0ebe8c863",
    "data": [
      {
        "text": "はじめる",
        "userDefined": false
      }
    ],
    "isTemplate": false,
    "count": 0,
    "updated": 1521722651
  }
]