[
  {
    "id": "af008830-c5b4-474a-b336-f53f0fb1be50",
    "data": [
      {
        "text": "アメトークを録画する",
        "alias": "item",
        "meta": "@sys.any",
        "userDefined": true
      },
      {
        "text": "　を追加して",
        "userDefined": false
      }
    ],
    "isTemplate": false,
    "count": 0,
    "updated": 1525068009
  },
  {
    "id": "01bcbe40-12be-496c-b6a6-c28f56544f0f",
    "data": [
      {
        "text": "追加 ",
        "userDefined": false
      },
      {
        "text": "アメトークを録画する",
        "alias": "item",
        "meta": "@sys.any",
        "userDefined": true
      }
    ],
    "isTemplate": false,
    "count": 0,
    "updated": 1525068009
  },
  {
    "id": "b00a63a2-43ef-4ab9-a011-7b5ee0cc0bf6",
    "data": [
      {
        "text": "アメトークを録画する",
        "alias": "item",
        "meta": "@sys.any",
        "userDefined": true
      },
      {
        "text": "を追加して",
        "userDefined": false
      }
    ],
    "isTemplate": false,
    "count": 0,
    "updated": 1525068009
  },
  {
    "id": "976dfdbb-38eb-4394-bd8a-8763f687dff8",
    "data": [
      {
        "text": "卵を買う",
        "alias": "item",
        "meta": "@sys.any",
        "userDefined": true
      },
      {
        "text": "　を追加して",
        "userDefined": false
      }
    ],
    "isTemplate": false,
    "count": 0,
    "updated": 1525068009
  },
  {
    "id": "61a954ce-3670-47e2-980a-cb3b2c76cc48",
    "data": [
      {
        "text": "追加　",
        "userDefined": false
      },
      {
        "text": "卵を買う",
        "alias": "item",
        "meta": "@sys.any",
        "userDefined": true
      }
    ],
    "isTemplate": false,
    "count": 0,
    "updated": 1525068009
  },
  {
    "id": "564be9a5-e220-4798-97ac-f757338c1271",
    "data": [
      {
        "text": "卵を買う",
        "alias": "item",
        "meta": "@sys.any",
        "userDefined": true
      },
      {
        "text": "を追加して",
        "userDefined": false
      }
    ],
    "isTemplate": false,
    "count": 0,
    "updated": 1525068009
  }
]