[
  {
    "id": "cbcc4c57-47e1-4b22-81e0-a9c5b171877f",
    "data": [
      {
        "text": "止める",
        "userDefined": false
      }
    ],
    "isTemplate": false,
    "count": 0,
    "updated": 1524999183
  },
  {
    "id": "1f77aca1-3be0-4a0a-b52d-d0926c6f70f4",
    "data": [
      {
        "text": "やめる",
        "userDefined": false
      }
    ],
    "isTemplate": false,
    "count": 0,
    "updated": 1524999183
  },
  {
    "id": "2e114dfa-093d-4faa-9dc3-5143903400bf",
    "data": [
      {
        "text": "バイバイ",
        "userDefined": false
      }
    ],
    "isTemplate": false,
    "count": 0,
    "updated": 1524999183
  },
  {
    "id": "3376b0dc-a779-4094-8371-856a351acc10",
    "data": [
      {
        "text": "終了する",
        "userDefined": false
      }
    ],
    "isTemplate": false,
    "count": 0,
    "updated": 1524999183
  },
  {
    "id": "6a1c59b5-e9c2-4e7b-84d3-5298d1e4a513",
    "data": [
      {
        "text": "終わる",
        "userDefined": false
      }
    ],
    "isTemplate": false,
    "count": 0,
    "updated": 1524999183
  }
]