[
  {
    "id": "9650d100-960a-4326-abb5-8ee1325025a3",
    "data": [
      {
        "text": "リストを読み上げて",
        "userDefined": false
      }
    ],
    "isTemplate": false,
    "count": 0,
    "updated": 1524996480
  },
  {
    "id": "5901cf5a-b9a6-48a1-bd65-4bcc88d86c19",
    "data": [
      {
        "text": "リストを表示して",
        "userDefined": false
      }
    ],
    "isTemplate": false,
    "count": 0,
    "updated": 1524996480
  },
  {
    "id": "cfb853e9-4e35-47e6-bd2e-5f0aa2a5f8de",
    "data": [
      {
        "text": "リストを見せて",
        "userDefined": false
      }
    ],
    "isTemplate": false,
    "count": 0,
    "updated": 1524996480
  },
  {
    "id": "2413d6e2-cbff-4aaf-8f51-bc1179dc6070",
    "data": [
      {
        "text": "リストを教えて",
        "userDefined": false
      }
    ],
    "isTemplate": false,
    "count": 0,
    "updated": 1524996480
  }
]