[
  {
    "id": "00ba5f8f-a5f6-478d-b1e1-161bd55292ab",
    "data": [
      {
        "text": "バイバイ",
        "userDefined": false
      }
    ],
    "isTemplate": false,
    "count": 0,
    "updated": 1524623050
  },
  {
    "id": "f46552a6-18b7-474e-9759-657cf0ddcd11",
    "data": [
      {
        "text": "終了",
        "userDefined": false
      }
    ],
    "isTemplate": false,
    "count": 0,
    "updated": 1524623050
  },
  {
    "id": "9d027cc5-c50b-428c-90b5-15da3d7f2351",
    "data": [
      {
        "text": "終わる",
        "userDefined": false
      }
    ],
    "isTemplate": false,
    "count": 0,
    "updated": 1524623050
  }
]