[
  {
    "id": "3e2d698f-42fd-4ecd-a297-40d1eaff6454",
    "data": [
      {
        "text": "Suggestion Chips ",
        "userDefined": false
      },
      {
        "text": "3",
        "meta": "@sys.ignore",
        "userDefined": false
      }
    ],
    "isTemplate": false,
    "count": 0,
    "updated": 1524794626
  },
  {
    "id": "b8108347-bb97-478a-a6d1-91ae5205326c",
    "data": [
      {
        "text": "Suggestion Chips ",
        "userDefined": false
      },
      {
        "text": "1",
        "meta": "@sys.ignore",
        "userDefined": false
      }
    ],
    "isTemplate": false,
    "count": 0,
    "updated": 1524794626
  },
  {
    "id": "e8db5ef4-78dd-47c4-aecf-a91d1a48b818",
    "data": [
      {
        "text": "Suggestion Chips ",
        "userDefined": false
      },
      {
        "text": "2",
        "meta": "@sys.ignore",
        "userDefined": false
      }
    ],
    "isTemplate": false,
    "count": 0,
    "updated": 1524794626
  }
]