[
  {
    "id": "e218904e-f309-439c-b11d-a26459f95448",
    "data": [
      {
        "text": "やめる",
        "userDefined": false
      }
    ],
    "isTemplate": false,
    "count": 0,
    "updated": 1522743578
  },
  {
    "id": "d592e68d-2ad0-4589-9da4-1df92c4798e8",
    "data": [
      {
        "text": "続けない",
        "userDefined": false
      }
    ],
    "isTemplate": false,
    "count": 0,
    "updated": 1522743578
  },
  {
    "id": "896faabc-ea92-4ad5-b7a9-5f6f91db9814",
    "data": [
      {
        "text": "いいえ",
        "userDefined": false
      }
    ],
    "isTemplate": false,
    "count": 0,
    "updated": 1522743578
  },
  {
    "id": "8aa1f95f-bf47-4e25-acad-5d9b2e81e160",
    "data": [
      {
        "text": "ばいばい",
        "userDefined": false
      }
    ],
    "isTemplate": false,
    "count": 0,
    "updated": 1522743578
  },
  {
    "id": "2b246074-91b5-4724-9eaa-b4ff26772fb9",
    "data": [
      {
        "text": "バイバイ",
        "userDefined": false
      }
    ],
    "isTemplate": false,
    "count": 0,
    "updated": 1522743578
  },
  {
    "id": "cbee20b3-35ad-41df-b7a0-99140e33beeb",
    "data": [
      {
        "text": "おわる",
        "userDefined": false
      }
    ],
    "isTemplate": false,
    "count": 0,
    "updated": 1522743578
  },
  {
    "id": "f172a76c-83ff-40c2-ac47-905ca088edb4",
    "data": [
      {
        "text": "止める",
        "userDefined": false
      }
    ],
    "isTemplate": false,
    "count": 0,
    "updated": 1522743578
  },
  {
    "id": "37189807-d0a1-440b-bcd6-8896048eb75c",
    "data": [
      {
        "text": "終わる",
        "userDefined": false
      }
    ],
    "isTemplate": false,
    "count": 0,
    "updated": 1522743578
  },
  {
    "id": "9457bf06-005a-4fdc-9cf3-99bd7194267c",
    "data": [
      {
        "text": "終了",
        "userDefined": false
      }
    ],
    "isTemplate": false,
    "count": 0,
    "updated": 1522743578
  }
]