[
  {
    "id": "ca827ff8-5c3d-44e8-84a0-7ee3f0035567",
    "data": [
      {
        "text": "じゃんけん",
        "userDefined": false
      },
      {
        "text": "パー",
        "alias": "handType",
        "meta": "@handType",
        "userDefined": true
      }
    ],
    "isTemplate": false,
    "count": 0,
    "updated": 1521736255
  },
  {
    "id": "00bc3cff-351d-47e7-a2bd-ed463952ac22",
    "data": [
      {
        "text": "パー",
        "alias": "handType",
        "meta": "@handType",
        "userDefined": true
      }
    ],
    "isTemplate": false,
    "count": 0,
    "updated": 1521736255
  }
]