[
  {
    "id": "0d61cf4f-0d84-405d-baad-5f1f4ed4cecb",
    "data": [
      {
        "text": "じゃんけん",
        "userDefined": false
      }
    ],
    "isTemplate": false,
    "count": 0,
    "updated": 1521722651
  },
  {
    "id": "068716ec-8e54-4c00-9516-2624a2e6da2b",
    "data": [
      {
        "text": "はい",
        "userDefined": false
      }
    ],
    "isTemplate": false,
    "count": 0,
    "updated": 1521722651
  },
  {
    "id": "37a2135b-28c4-45c1-acae-36a733d42df2",
    "data": [
      {
        "text": "うん",
        "userDefined": false
      }
    ],
    "isTemplate": false,
    "count": 0,
    "updated": 1521722651
  },
  {
    "id": "77e1c7c7-d162-4c71-a56b-3ac4a073a019",
    "data": [
      {
        "text": "はじめる",
        "userDefined": false
      }
    ],
    "isTemplate": false,
    "count": 0,
    "updated": 1521722651
  },
  {
    "id": "722a59a2-57bb-4df6-a9b3-d61d4aac990a",
    "data": [
      {
        "text": "始める",
        "userDefined": false
      }
    ],
    "isTemplate": false,
    "count": 0,
    "updated": 1521722651
  },
  {
    "id": "a799cd68-0ca4-4bb9-a418-714e832a396a",
    "data": [
      {
        "text": "わかった",
        "userDefined": false
      }
    ],
    "isTemplate": false,
    "count": 0,
    "updated": 1521722651
  }
]