[
  {
    "id": "9d22aa4a-b8f2-43b1-aa56-55f3aa3f857c",
    "data": [
      {
        "text": "ばいばい",
        "userDefined": false
      }
    ],
    "isTemplate": false,
    "count": 0,
    "updated": 1522739181
  },
  {
    "id": "7d0da884-37e8-4f38-823e-126fa62da8ae",
    "data": [
      {
        "text": "やめる",
        "userDefined": false
      }
    ],
    "isTemplate": false,
    "count": 0,
    "updated": 1522739181
  },
  {
    "id": "a4576d89-3c21-40d5-b04b-e0456ee03a4d",
    "data": [
      {
        "text": "止める",
        "userDefined": false
      }
    ],
    "isTemplate": false,
    "count": 0,
    "updated": 1522739181
  },
  {
    "id": "d75fcd2b-f4b8-459b-8fb5-f4adbbb5af1f",
    "data": [
      {
        "text": "終了",
        "userDefined": false
      }
    ],
    "isTemplate": false,
    "count": 0,
    "updated": 1522739181
  },
  {
    "id": "85debefd-d800-43be-9998-bfd18a8f0f43",
    "data": [
      {
        "text": "終わる",
        "userDefined": false
      }
    ],
    "isTemplate": false,
    "count": 0,
    "updated": 1522739181
  },
  {
    "id": "e819d855-b01c-4155-8e6b-2bf8123190f2",
    "data": [
      {
        "text": "バイバイ",
        "userDefined": false
      }
    ],
    "isTemplate": false,
    "count": 0,
    "updated": 1522739181
  }
]