[
  {
    "id": "4fd234c8-dc9b-4cd8-b81d-aa733f290972",
    "data": [
      {
        "text": "パー",
        "alias": "handType",
        "meta": "@handType",
        "userDefined": true
      }
    ],
    "isTemplate": false,
    "count": 0,
    "updated": 1521736255
  },
  {
    "id": "20f4ae8b-6c26-4cdb-af08-6a88b71e153d",
    "data": [
      {
        "text": "じゃんけん",
        "userDefined": false
      },
      {
        "text": "パー",
        "alias": "handType",
        "meta": "@handType",
        "userDefined": true
      }
    ],
    "isTemplate": false,
    "count": 0,
    "updated": 1521736255
  }
]