[
  {
    "id": "1bab193f-d48b-4039-98b7-301fc384b4ed",
    "data": [
      {
        "text": "わかった",
        "userDefined": false
      }
    ],
    "isTemplate": false,
    "count": 0,
    "updated": 1521722651
  },
  {
    "id": "73b915a7-9a75-47aa-9409-e3ce18d07c54",
    "data": [
      {
        "text": "はい",
        "userDefined": false
      }
    ],
    "isTemplate": false,
    "count": 0,
    "updated": 1521722651
  },
  {
    "id": "7e79f25e-49ff-42ba-9d2d-d635854b9f16",
    "data": [
      {
        "text": "うん",
        "userDefined": false
      }
    ],
    "isTemplate": false,
    "count": 0,
    "updated": 1521722651
  },
  {
    "id": "adb18f95-46e2-4377-8cc0-e172fb058b68",
    "data": [
      {
        "text": "じゃんけん",
        "userDefined": false
      }
    ],
    "isTemplate": false,
    "count": 0,
    "updated": 1521722651
  },
  {
    "id": "2dadd23b-a9b9-4024-a492-1f8a7ac7214c",
    "data": [
      {
        "text": "始める",
        "userDefined": false
      }
    ],
    "isTemplate": false,
    "count": 0,
    "updated": 1521722651
  },
  {
    "id": "6122e167-df5d-435a-95ea-88d9cfdf7857",
    "data": [
      {
        "text": "はじめる",
        "userDefined": false
      }
    ],
    "isTemplate": false,
    "count": 0,
    "updated": 1521722651
  }
]