[
  {
    "id": "01d88ac2-cba6-4ce0-b347-5888ae859503",
    "data": [
      {
        "text": "おわる",
        "userDefined": false
      }
    ],
    "isTemplate": false,
    "count": 0,
    "updated": 1522743578
  },
  {
    "id": "78f381b4-53e5-490e-8165-859c11d1fd03",
    "data": [
      {
        "text": "続けない",
        "userDefined": false
      }
    ],
    "isTemplate": false,
    "count": 0,
    "updated": 1522743578
  },
  {
    "id": "155c0397-3b2d-45af-9375-fb454a6dfd03",
    "data": [
      {
        "text": "いいえ",
        "userDefined": false
      }
    ],
    "isTemplate": false,
    "count": 0,
    "updated": 1522743578
  },
  {
    "id": "1a8c87fb-ba2e-4bfb-96b5-0ec9d4ea81df",
    "data": [
      {
        "text": "ばいばい",
        "userDefined": false
      }
    ],
    "isTemplate": false,
    "count": 0,
    "updated": 1522743578
  },
  {
    "id": "933e144e-f400-41d2-ab00-d1f55a394f1d",
    "data": [
      {
        "text": "やめる",
        "userDefined": false
      }
    ],
    "isTemplate": false,
    "count": 0,
    "updated": 1522743578
  },
  {
    "id": "14c351c3-d248-435e-9545-9b2d85b203d8",
    "data": [
      {
        "text": "止める",
        "userDefined": false
      }
    ],
    "isTemplate": false,
    "count": 0,
    "updated": 1522743578
  },
  {
    "id": "d6fb3caa-df89-469f-9cd5-044a2fe50d7e",
    "data": [
      {
        "text": "終了",
        "userDefined": false
      }
    ],
    "isTemplate": false,
    "count": 0,
    "updated": 1522743578
  },
  {
    "id": "e2607d25-2ebd-4704-92fc-54e3ea87e625",
    "data": [
      {
        "text": "終わる",
        "userDefined": false
      }
    ],
    "isTemplate": false,
    "count": 0,
    "updated": 1522743578
  },
  {
    "id": "e5200a2c-3cae-4e01-afac-93f49355ecd7",
    "data": [
      {
        "text": "バイバイ",
        "userDefined": false
      }
    ],
    "isTemplate": false,
    "count": 0,
    "updated": 1522743578
  }
]