[
  {
    "id": "882da8b2-5606-46c5-af30-9e991231fc97",
    "data": [
      {
        "text": "パー",
        "alias": "handType",
        "meta": "@handType",
        "userDefined": true
      }
    ],
    "isTemplate": false,
    "count": 0,
    "updated": 1521736255
  },
  {
    "id": "c2c0dcf8-72f4-4b3d-9f5a-d6232e4187cc",
    "data": [
      {
        "text": "じゃんけん",
        "userDefined": false
      },
      {
        "text": "パー",
        "alias": "handType",
        "meta": "@handType",
        "userDefined": true
      }
    ],
    "isTemplate": false,
    "count": 0,
    "updated": 1521736255
  }
]