[
  {
    "id": "baf89b40-e485-4dac-ab82-e6d0a1b1797c",
    "data": [
      {
        "text": "わかった",
        "userDefined": false
      }
    ],
    "isTemplate": false,
    "count": 0,
    "updated": 1521722651
  },
  {
    "id": "c0e1cdd0-1c47-476d-826f-fdbcd86e299b",
    "data": [
      {
        "text": "はい",
        "userDefined": false
      }
    ],
    "isTemplate": false,
    "count": 0,
    "updated": 1521722651
  },
  {
    "id": "a700a43f-d849-46a9-888f-1fe54855b6a7",
    "data": [
      {
        "text": "うん",
        "userDefined": false
      }
    ],
    "isTemplate": false,
    "count": 0,
    "updated": 1521722651
  },
  {
    "id": "359e5154-875c-4bca-b52d-9d6e46e11d42",
    "data": [
      {
        "text": "じゃんけん",
        "userDefined": false
      }
    ],
    "isTemplate": false,
    "count": 0,
    "updated": 1521722651
  },
  {
    "id": "8d2859a2-b078-4527-83b3-6f76dea6ba4b",
    "data": [
      {
        "text": "始める",
        "userDefined": false
      }
    ],
    "isTemplate": false,
    "count": 0,
    "updated": 1521722651
  },
  {
    "id": "f36170a4-75ce-4102-b01c-8bba80f9c55f",
    "data": [
      {
        "text": "はじめる",
        "userDefined": false
      }
    ],
    "isTemplate": false,
    "count": 0,
    "updated": 1521722651
  }
]