[
  {
    "id": "04943e9e-4eff-477f-bdaa-a9d57e49e4d7",
    "data": [
      {
        "text": " ",
        "userDefined": false
      },
      {
        "text": "Actions on Googleはじめました！",
        "alias": "echo",
        "meta": "@sys.any",
        "userDefined": true
      }
    ],
    "isTemplate": false,
    "count": 0,
    "updated": 1520356045
  },
  {
    "id": "4d56ddbd-1b0b-4f53-b578-b37c7591f37f",
    "data": [
      {
        "text": " ",
        "userDefined": false
      },
      {
        "text": "好きな料理はひつまぶし",
        "alias": "echo",
        "meta": "@sys.any",
        "userDefined": true
      }
    ],
    "isTemplate": false,
    "count": 0,
    "updated": 1520356045
  },
  {
    "id": "83a942d8-10ee-446d-85da-00592a7780cf",
    "data": [
      {
        "text": "やっほー",
        "alias": "echo",
        "meta": "@sys.any",
        "userDefined": true
      }
    ],
    "isTemplate": false,
    "count": 0,
    "updated": 1520356045
  }
]