[
  {
    "id": "a77f8814-c1cd-49fa-a1a4-838bbcc42e1a",
    "data": [
      {
        "text": "停止",
        "userDefined": false
      }
    ],
    "isTemplate": false,
    "count": 0,
    "updated": 1520356112
  },
  {
    "id": "29cee00b-c853-4764-8bf1-d702f1f6541e",
    "data": [
      {
        "text": "ストップ",
        "userDefined": false
      }
    ],
    "isTemplate": false,
    "count": 0,
    "updated": 1520356112
  },
  {
    "id": "b3cebfbe-c782-4ad8-8040-a849451b8a04",
    "data": [
      {
        "text": "やめます",
        "userDefined": false
      }
    ],
    "isTemplate": false,
    "count": 0,
    "updated": 1520356112
  },
  {
    "id": "d054ee3f-1e29-43cc-86a1-7c30cba19260",
    "data": [
      {
        "text": "やめる",
        "userDefined": false
      }
    ],
    "isTemplate": false,
    "count": 0,
    "updated": 1520356112
  },
  {
    "id": "42fae8fe-372d-41c0-bffc-31fde70c8f09",
    "data": [
      {
        "text": "終わり",
        "userDefined": false
      }
    ],
    "isTemplate": false,
    "count": 0,
    "updated": 1520356112
  },
  {
    "id": "13740b3a-a606-4ee5-a082-3f9b3c17e48c",
    "data": [
      {
        "text": "No",
        "userDefined": false
      }
    ],
    "isTemplate": false,
    "count": 0,
    "updated": 1520356112
  },
  {
    "id": "752642d8-6fca-476c-9faa-7bcdeeafda3a",
    "data": [
      {
        "text": "さようなら",
        "userDefined": false
      }
    ],
    "isTemplate": false,
    "count": 0,
    "updated": 1520356112
  },
  {
    "id": "e16e8a80-6223-4fae-9e75-1f7c11687c9c",
    "data": [
      {
        "text": "いいえ",
        "userDefined": false
      }
    ],
    "isTemplate": false,
    "count": 0,
    "updated": 1520356112
  }
]