[
  {
    "id": "cdfe6d3c-3975-4a9d-b137-0ebf49236ddc",
    "data": [
      {
        "text": "止める",
        "userDefined": false
      }
    ],
    "isTemplate": false,
    "count": 0,
    "updated": 1524999183
  },
  {
    "id": "95ca2d04-3bf3-4d26-981f-bd280ab10553",
    "data": [
      {
        "text": "やめる",
        "userDefined": false
      }
    ],
    "isTemplate": false,
    "count": 0,
    "updated": 1524999183
  },
  {
    "id": "24b57f42-f880-41f3-9e2c-76433ff05e48",
    "data": [
      {
        "text": "バイバイ",
        "userDefined": false
      }
    ],
    "isTemplate": false,
    "count": 0,
    "updated": 1524999183
  },
  {
    "id": "df8b57d9-473a-4a99-90f9-69f8ec3213c4",
    "data": [
      {
        "text": "終了する",
        "userDefined": false
      }
    ],
    "isTemplate": false,
    "count": 0,
    "updated": 1524999183
  },
  {
    "id": "eb0e168a-8b0a-4878-bdd4-30e4db7cf01f",
    "data": [
      {
        "text": "終わる",
        "userDefined": false
      }
    ],
    "isTemplate": false,
    "count": 0,
    "updated": 1524999183
  }
]