[
  {
    "id": "69901946-3206-4690-ad2b-8c6877860774",
    "data": [
      {
        "text": " ",
        "userDefined": false
      },
      {
        "text": "好きな料理はひつまぶし",
        "alias": "echo",
        "meta": "@sys.any",
        "userDefined": true
      }
    ],
    "isTemplate": false,
    "count": 0,
    "updated": 1520356045
  },
  {
    "id": "e18eee73-8d2b-4df2-be40-eeae3ee039f1",
    "data": [
      {
        "text": " ",
        "userDefined": false
      },
      {
        "text": "Actions on Googleはじめました！",
        "alias": "echo",
        "meta": "@sys.any",
        "userDefined": true
      }
    ],
    "isTemplate": false,
    "count": 0,
    "updated": 1520356045
  },
  {
    "id": "ab66eb13-7a5d-4ec3-bc4a-cd76a57d068a",
    "data": [
      {
        "text": "やっほー",
        "alias": "echo",
        "meta": "@sys.any",
        "userDefined": true
      }
    ],
    "isTemplate": false,
    "count": 0,
    "updated": 1520356045
  }
]