[
  {
    "id": "4e0afca1-c71d-4384-87e2-6def9502a22d",
    "data": [
      {
        "text": "No",
        "userDefined": false
      }
    ],
    "isTemplate": false,
    "count": 0,
    "updated": 1520356112
  },
  {
    "id": "b3ac934d-7ea1-4f91-a119-6ff0a8369b43",
    "data": [
      {
        "text": "終わり",
        "userDefined": false
      }
    ],
    "isTemplate": false,
    "count": 0,
    "updated": 1520356112
  },
  {
    "id": "048715ba-88e3-46dd-bf0a-d8d1f5f1ad3a",
    "data": [
      {
        "text": "やめます",
        "userDefined": false
      }
    ],
    "isTemplate": false,
    "count": 0,
    "updated": 1520356112
  },
  {
    "id": "be38c854-d62b-4435-802d-8973ad76e750",
    "data": [
      {
        "text": "停止",
        "userDefined": false
      }
    ],
    "isTemplate": false,
    "count": 0,
    "updated": 1520356112
  },
  {
    "id": "6e79141e-1670-4b88-986e-8c1cbe7dc02a",
    "data": [
      {
        "text": "さようなら",
        "userDefined": false
      }
    ],
    "isTemplate": false,
    "count": 0,
    "updated": 1520356112
  },
  {
    "id": "616dea8f-9351-402d-ba34-69dd6d5ef428",
    "data": [
      {
        "text": "ストップ",
        "userDefined": false
      }
    ],
    "isTemplate": false,
    "count": 0,
    "updated": 1520356112
  },
  {
    "id": "3612148b-33b7-4d62-898d-f6502480255f",
    "data": [
      {
        "text": "やめる",
        "userDefined": false
      }
    ],
    "isTemplate": false,
    "count": 0,
    "updated": 1520356112
  },
  {
    "id": "1d7aa39e-060b-4495-8e94-fbf8bc8071c9",
    "data": [
      {
        "text": "いいえ",
        "userDefined": false
      }
    ],
    "isTemplate": false,
    "count": 0,
    "updated": 1520356112
  }
]